テーマ,番号,在宅,施設,Q,A,参考文献
消毒,QA01-01,〇,〇,アルコール消毒液は、効果がありますか？,"​市販の消毒用アルコール（70%前後のエタノール溶液）での消毒が有効です。
70%前後のエタノール溶液について、市販の手指消毒用アルコールがこれにあたります。","参考(1)：首相官邸
「新型コロナウイルス感染症に備えて ～一人ひとりができる対策を知っておこう～」
http://www.kantei.go.jp/jp/headline/kansensho/coronavirus.html

参考(2)：厚生労働省
「新型コロナウイルスに関するQ&A（一般の方向け）」
https://www.mhlw.go.jp/stf/seisakunitsuite/bunya/kenkou_iryou/dengue_fever_qa_00001.html

参考(3)：The Journal of Hospital Infection. 2020 Mar 01. doi: 10.1016/j.jhin.2020.01.022.
「Persistence of coronaviruses on inanimate surfaces and their inactivation with biocidal agents」Kampfほか
https://doi.org/10.1016/j.jhin.2020.01.022

参考(4)：アメリカ疾病予防管理センター（CDC）. 2020 Apr 13. doi: 10.3201/eid2607.200915
「Inactivation of Severe Acute Respiratory Syndrome Coronavirus 2 by WHO-Recommended Hand Rub Formulations and Alcohols」
https://doi.org/10.3201/eid2607.200915"
消毒,QA01-02,〇,〇,マスクには、どういう予防効果がありますか？,マスク（家庭用使い捨てマスク、布マスク含む）を着用することで、ウイルスを含んだ飛沫が周囲に飛散するのを防ぐ効果があります。マスクを着脱する前後に手洗いを行うことをお勧めします。,"参考(1)：朝日新聞DIGITAL シリーズ：今こそ知りたい！ 感染症の予防と治療
「飛沫感染、マスクの予防効果は？」弘前大学大学院医学研究科臨床検査医学講座准教授 齋藤紀先
https://www.asahi.com/articles/ASK1N65LBK1NUBQU00J.html

参考(2)：世界保健機関（WHO）：Coronavirus disease (COVID-19) advice for the public
「When and how to use masks」
https://www.who.int/emergencies/diseases/novel-coronavirus-2019/advice-for-public/when-and-how-to-use-masks"
消毒,QA01-03,〇,〇,アルコール消毒液が手に入らない場合の代替手段はありますか？,"石けんやハンドソープを使った手洗いを十分に行うことで、ウイルスを除去できます。
石けんは普通石けん、薬用石けんのどちらでもかまいません。","参考(1)：厚生労働省・経済産業省「新型コロナウイルス対策 身のまわりを清潔にしましょう。」森功次ほか：感染症学雑誌80:496-500,2006
https://www.meti.go.jp/covid-19/pdf/0327_poster.pdf

参考(2)：朝日新聞DIGITAL シリーズ：今こそ知りたい！ 感染症の予防と治療「殺菌・抗菌・除菌・滅菌・消毒…　何が違う？効果は？」鈴木彩子https://www.asahi.com/articles/ASLDV0C8SLDTUBQU01T.html"
消毒,QA01-04,〇,〇,熱水による消毒は、効果がありますか？,食器や箸などの消毒には、熱水が有効です。80℃の熱水に10分間さらすと消毒ができます。,"参考(1)：厚生労働省・経済産業省「新型コロナウイルス対策 身のまわりを清潔にしましょう。」
https://www.meti.go.jp/covid-19/pdf/0327_poster.pdf"
消毒,QA01-05,〇,〇,家庭用の塩素系漂白剤を、消毒に利用できますか？,"​手すり・ドアノブなどの消毒には、塩素系漂白剤が利用できます。ハイターなど塩素系漂白剤（次亜塩素酸ナトリウム）を濃度0.05%-0.1%に薄めたうえで拭きます。希釈については販売元からの情報を参考にしてください。
※ 薄めていても塩素系漂白剤は目に入ると危険なので、十分に注意してください。
※ 希釈後の次亜塩素酸ナトリウム溶液は比較的速やかに濃度が低下するので、作り置きはしないでください。","参考(1)：経済産業省「新型コロナウイルスに対する消毒方法の有効性評価を行います」
https://www.meti.go.jp/press/2020/04/20200415002/20200415002.html
​
参考(2)：WHO「Infection Prevention and Control of Epidemic- and Pandemic-Prone Acute Respiratory Infections in Health Care.」
https://www.ncbi.nlm.nih.gov/books/NBK214356/

参考(3)：花王「花王の塩素系漂白剤で、次亜塩素酸ナトリウム0.05％、0.1％の液は作れるの？」
https://www.kao.com/jp/soudan/topics/topics_107.html"
消毒,QA03-01,〇,〇,感染予防のための消毒用品が市場に出ることがあるのでしょうか？,"消毒用品は流通状況が刻々と変化しています。NHKニュース等の最新情報を確認してください。

以下、6月1日現在の情報を回答いたします。

アルコール消毒液については、5月の国内生産が例年の6倍となる一方、5月26日から転売が禁止されており、流通状況が改善することが期待されます。*1

厚生労働省は、アルコール消毒液（濃度70vol%前後）が入手できない場合、エタノール濃度が60vol%台以上であれば消毒に一定の効果が認められると考えられる報告があることを踏まえ、手指消毒用として60%台のエタノールを使用しても差し支えないとしています（4月22日事務連絡）。*2
この基準にあてはまる商品は、一部の酒造メーカーが高濃度アルコール飲料等として製造し、自社ネット通販やスーパーマーケット等で販売しています。

社会福祉施設等でアルコール消毒液が入手しづらい場合の対応について、厚生労働省は3月31日事務連絡にて、手指洗浄には石けんやハンドソープを使うこと、食器・手すり・ドアノブ等の消毒に熱水や塩素系漂白剤が有効であるとしています。*3

なお、手すり・ドアノブ等の消毒については、経済産業省から委託を受けたNITE（製品評価技術基盤機構）が、新型コロナウイルスの不活化効果が確認された界面活性剤が含まれている住居・家具用洗剤および台所洗剤のリストを随時公開しています。アルコール消毒液が手に入りにくい場合や、塩素系漂白剤の使用が難しい場合、市場に流通している洗剤等を活用することも検討してください。ただし、手指消毒には使用しないでください。使用の際は製品に書かれた使用方法に従い、使用上の注意を守って、正しく使用してください。*4","参考(1)：NHK「手に入りやすくなるの？ アルコール消毒液」
https://www3.nhk.or.jp/news/special/sakusakukeizai/articles/20200601.html

参考(2)：厚生労働省4月22日事務連絡「新型コロナウイルス感染症の発生に伴う薬局等での高濃度エタノール製品の 取扱いについて(改定)」
https://www.mhlw.go.jp/content/10800000/000624093.pdf

参考(3)：厚生労働省3月31日事務連絡「社会福祉施設等に対する「新型コロナウイルス対策　身のまわりを 清潔にしましょう。」の周知について」
https://www.mhlw.go.jp/content/000617981.pdf

参考(4)：製品評価技術基盤機構「NITEが行う新型コロナウイルスに対する消毒方法の有効性評価に関する情報公開」
https://www.nite.go.jp/information/koronataisaku20200522.html"
マスク,QA01-06,〇,〇,使い捨てマスクを再利用できますか？,"使い捨てマスクの再利用はフィルターの効果が低下するため推奨されません。
やずを得ず再利用する場合、次の方法があります。
・中性洗剤での押し洗い（漂白剤は使わない）
・十分なすすぎ
・自然乾燥
​この方法は、あくまでも咳エチケット・濃厚な接触感染や鼻口に直接触れる頻度を少なくする為の再利用であることに留意してください。","参考(1)：J-CASTニュース「マスク再利用「布」なら洗える では「使い捨て」は？全国マスク工業会が指針
https://www.j-cast.com/trend/2020/03/05381479.html"
マスク,QA01-07,〇,〇,布製マスクの予防効果はどの程度ですか？,ウイルスを含む飛沫の拡散を防ぎ、手指が口や鼻に触れてウイルスが侵入することを防ぐ上で一定の効果があると考えられます（1）。アメリカ疾病予防管理センター（CDC）も、社会的距離（約2メートル）を維持するのが難しい公共の場（食料品店や薬局など）では、布製マスクを着用することを推奨しています（2）。しかし、布製マスクは医療用マスクと比べて飛沫飛散予防効果が劣り、医療従事者におけるウイルス感染リスクも高くなるとの研究報告もあるため、その点は注意が必要です（3）（4）。,"参考(1)：厚生労働省「布マスクの全戸配布に関するQ&A」
https://www.mhlw.go.jp/stf/seisakunitsuite/bunya/kenkou_iryou/cloth_mask_qa_.html
​
参考(2)：アメリカ疾病予防管理センター（CDC）「Recommendation Regarding the Use of Cloth Face Coverings, Especially in Areas of Significant Community-Based Transmission」
https://www.cdc.gov/coronavirus/2019-ncov/prevent-getting-sick/cloth-face-cover.html
​
参考(3)：アメリカ国立生物工学情報センター（NCBI)「Testing the Efficacy of Homemade Masks: Would They Protect in an Influenza Pandemic?」
https://pubmed.ncbi.nlm.nih.gov/24229526/
​
​参考(4)：ブリティッシュメディアジャーナルズ（BMJ）「A cluster randomised trial of cloth masks compared with medical masks in healthcare workers」
https://bmjopen.bmj.com/content/5/4/e006577"
マスク,QA01-08,〇,〇,布製マスクはどうやってお手入れしたらよいですか？,"1. 衣料用洗剤、塩素系漂白剤、清潔なタオル、大きめの桶、ゴム手袋、洗濯バサミを使います。
2. 桶に衣料用洗剤を入れます。（水2Lに0.7g、小さいスプーン1/2が目安）
3. マスクを桶に入れて10分待ちます。
4. マスクをやさしく押し洗いして取り出し、洗剤を捨てます。
5. 桶に水を入れてマスクをやさしくすすぎます。
6. 汚れが気になる場合は、塩素系漂白剤を使います。（水1Lに漂白剤15mL程度）
7. ゴム手袋をしてマスクを浸し、10分待ちます。
8. 漂白剤を捨てて、たっぷりの水を桶に入れ、たっぷり2回すすぎます。
9. 清潔なタオルでマスクの水気を取り、陰干しで自然に乾かします。","参考(1)：経済産業省「布マスクをご利用のみなさまへ」
https://www.youtube.com/watch?v=AKNNZRRo74o"
マスク,QA01-09,〇,〇,自作のマスクやハンカチを使うことは有効ですか？,自作のマスクで口をふさぐことは、咳エチケットになります。毎日手洗いして清潔にしましょう。マスクがないときは、ハンカチやタオルを使って咳エチケットを実践しましょう。,"参考(1)：経済産業省「咳エチケットで感染拡大防止」
https://www.meti.go.jp/covid-19/pdf/cough_etiquette.pdf

参考(2)：アメリカ疾病予防管理センター（CDC）「Recommendation Regarding the Use of Cloth Face Coverings, Especially in Areas of Significant Community-Based Transmission」
https://www.cdc.gov/coronavirus/2019-ncov/prevent-getting-sick/cloth-face-cover.html"
マスク,QA03-02,〇,〇,マスクをつけることが難しい方からの接触感染、飛沫感染を予防する方法はありますか？,"マスクの目的として①自分が感染していた場合に周りに感染させないこと②周りから感染しない予防のための二つがあります。

6月5日のWHOのガイダンスでも、60歳以上や基礎疾患（心血管疾患や糖尿病、慢性肺病気、がん、脳血管疾患、免疫抑制）のある患者は予防のための医療用マスクの装着をすすめられており、多くの利用者がこの範疇になるかと思います。(*1)

認知症の利用者については繰り返し思い出させること、知的障害がある方についてはやさしい日本語やイラストを用いた啓発等を行うなどの工夫を継続的に行ってください。しかしながらどうしてもマスクを装着できない利用者の介護を考える際には、介護する側の②の観点が重要と思います。

SARS-CoV-2のみならずその他のコロナウィルスも含めた解析の結果にはなりますが、感染のオッズ比が距離1m以上で0.18倍、マスクで0.15倍、保護眼鏡で0.22倍との報告(*2)とされており、先述のWHOのマスクに関しての助言でも介護者には医療用マスクの使用をすすめています。

また、マスク以外にも頻回の換気や一処置ごとの手指衛生やドアノブなどの環境消毒などの予防策は継続してください。","参考(1)：WHO「Advice on the use of masks in the context of COVID-19」
https://apps.who.int/iris/handle/10665/331693

参考(2)：Derek K Chuなど「Physical distancing, face masks, and eye protection to prevent person-to-person transmission of SARS-CoV-2 and COVID-19: a systematic review and meta-analysis」Lancet. 2020 Jun 01; 31142-9."
マスク,QA03-03,○,○,マスクをつけることが難しい方に対し、マスク以外で利用をお願いできるものはありますか？,"[1]自分が感染していた場合に周りに感染させないための観点から考えます。
WHOの提言では流行地域に限って非医療用マスクの装着をすすめており（Advice on the use of masks in the context of COVID-19）、
厚生労働省は新しい生活様式としてマスクの装着をすすめています。
マスクをつけられない理由・状況にもよりますが、もしも感染していた場合に、装着により飛沫を予防できる一定の効果はあると考えますので、
介護者ではなく利用者の方が利用することを前提として、通気性のよい快適なマスクで装着可能となるようであれば装着は選択肢かとおもいます。
通気性の良いマスクについては、スポーツ用品各社やファストファッション店が商品化を進めているスポーツ向けマスクほか、ガーゼ等で手作りすることができます。

[2]予防の観点から考えます。WHOは60歳以上や基礎疾患（心血管疾患や糖尿病、慢性肺病気、がん、脳血管疾患、免疫抑制）のある患者は感染予防のための医療用マスクの装着をすすめており、
介護施設などの利用者の多くはこの範疇かと思われます（Advice on the use of masks in the context of COVID-19）。しかしながら、認知機能の問題からつけても外してしまう場合は装着困難となります。
その場合は周囲の感染状況や面会などの人との接触がどの程度あるのかなどから総合的に対応を検討してください。
頻繁に顔を触ってしまうことで手から顔に感染が成立してしまうリスクを懸念する意見もあります。その場合でもアルコールなどを用いた手指衛生など感染予防は可能な限り行ってください。",
マスク,QA03-04,○,○,マスクやフェイスシールドを使用する場合の有効性、使用時の注意点はありますか？,"フェイスシールドにも一定の感染予防効果があると考えられますが、飛沫の飛散や吸い込みを防止する効果についてはマスクに劣る可能性があります。
一方で、利用者等の多くを占める高齢者においては、夏季には熱中症の予防にも留意する必要があります。無理なマスク着用により熱中症のリスクが上昇することも懸念されます。

上記を踏まえ、厚生労働省による「「新しい生活様式」における熱中症予防行動のポイント」も参考にしながら、どのような場面でフェイスシールドをマスクの代用としてよいか、利用者等と合意を形成していくことが勧められます。","参考(1)：NHK「新型コロナウイルス　Ｑ＆Ａ　ＮＯ.６ - 医療機関などで使われている、顔を覆うカバー「フェイスシールド」はマスクの代わりに使えるのでしょうか。使う際はどのようなことに注意すればよいのでしょうか？」https://www.nhk.or.jp/ohayou/digest/2020/04/0430_2.html

参考(2)：厚生労働省「「新しい生活様式」における熱中症予防行動のポイント」https://www.mhlw.go.jp/stf/seisakunitsuite/bunya/0000121431_coronanettyuu.html"
マスク,QA03-05,○,○,暑くなってくるので、換気やマスクの使用に不安がありますが、どのようなことに気をつければ良いでしょうか？,"熱中症の予防を、感染予防策と両立させていく工夫が必要です。とくに高齢者は、熱中症・新型コロナウイルス感染症ともに重症化するリスクが高いため、より一層の注意が必要です。

具体的な注意点については、厚生労働省が「「新しい生活様式」における熱中症予防行動のポイント」として以下のようにまとめています。

（１）　マスクの着用について
　マスクは飛沫の拡散予防に有効で、「新しい生活様式」でも一人ひとりの方の基本的な感染対策として着用をお願いしています。ただし、マスクを着用していない場合と比べると、心拍数や呼吸数、血中二酸化炭素濃度、体感温度が上昇するなど、身体に負担がかかることがあります。
したがって、高温や多湿といった環境下でのマスク着用は、熱中症のリスクが高くなるおそれがあるので、屋外で人と十分な距離（少なくとも２ｍ以上）が確保できる場合には、マスクをはずすようにしましょう。
マスクを着用する場合には、強い負荷の作業や運動は避け、のどが渇いていなくてもこまめに水分補給を心がけましょう。また、周囲の人との距離を十分にとれる場所で、マスクを一時的にはずして休憩することも必要です。
　外出時は暑い日や時間帯を避け、涼しい服装を心がけましょう。

（２）　エアコンの使用について
　熱中症予防のためにはエアコンの活用が有効です。ただし、一般的な家庭用エアコンは、空気を循環させるだけで換気を行っていません。新型コロナウイルス対策のためには、冷房時でも窓開放や換気扇によって換気を行う必要があります。換気により室内温度が高くなりがちなので、エアコンの温度設定を下げるなどの調整をしましょう。

（３）　涼しい場所への移動について
　少しでも体調に異変を感じたら、速やかに涼しい場所に移動することが、熱中症予防に有効です。一方で、人数制限等により屋内の店舗等にすぐに入ることができない場合もあると思います。その際は、屋外でも日陰や風通しの良い場所に移動してください。

（４）　日頃の健康管理について
　「新しい生活様式」では、毎朝など、定時の体温測定、健康チェックをお願いしています。これらは、熱中症予防にも有効です。平熱を知っておくことで、発熱に早く気づくこともできます。日ごろからご自身の身体を知り、健康管理を充実させてください。また、体調が悪いと感じた時は、無理せず自宅で静養するようにしましょう。","参考(1)：厚生労働省「「新しい生活様式」における熱中症予防行動のポイント」
https://www.mhlw.go.jp/stf/seisakunitsuite/bunya/0000121431_coronanettyuu.html

参考(2)：『新しい生活様式』下における熱中症予防に関する学術団体からのコンセンサス・ステートメント
https://www.jrs.or.jp/uploads/uploads/files/information/20200602teigen.pdf"
新型コロナウイルスの基本的な感染予防,QA01-10,〇,〇,インフルエンザ対応と異なる感染予防対策がありますか？,"新型コロナウイルスはインフルエンザウイルスとよく似た形式（飛沫感染や接触感染）で感染拡大を起こすため、以下のような一般的な感染症対策を心がけてください。
飛沫感染では、感染者の咳などで発生した飛沫（ウイルスを含む水分）が近くにいる人の目・鼻・口などの粘膜に触れて感染します。
飛沫を飛散させないための咳エチケットとして、咳のあるときはマスクを着用し、マスクがない場合はティッシュ・ハンカチや衣類の袖で口・鼻を覆うようにします。
また、できる限り人の集まる場所（目安として、2メートル以内の距離で複数人が空間を共有する状況）を避けてください。
接触感染では、感染者との直接の接触や、身辺の物品（つり革・ドアノブ・手すりなど）を介した間接の接触によって非感染者の手などにウイルスが伝播します。
そのためこまめに手指消毒・手洗いを行い、手に付いたウイルスを除去することが望ましいです。

職場では上記に加えて、共有物品の表面を定期的に清拭消毒すること、症状がある人（咳や37.3℃以上の発熱がある人）は自宅待機もしくは自宅勤務とすることをお勧めします。","参考(1)：首相官邸「新型コロナウイルス感染症に備えて ～一人ひとりができる対策を知っておこう～」
https://www.kantei.go.jp/jp/headline/kansensho/coronavirus.html

参考(2)：WHO「職場での COVID-19 感染予防対策」
https://extranet.who.int/kobe_centre/sites/default/files/20200319_JA_Workplace.pdf

参考(3)：「Getting your workplace ready for COVID-19」
https://www.who.int/docs/default-source/coronaviruse/advice-for-workplace-clean-19-03-2020.pdf"
入院できなかった場合,QA01-11,〇,,感染が疑われる人がいる場合に、自宅でどのように隔離したらよいですか？," 8つのポイントを守ります
（１）個室に分けて共有スペースの利用を避けます
（２）感染者のお世話はできるだけ限られた方で行い、基礎疾患や免疫低下、妊婦の方がお世話することは避けます
（３）マスクをつけ、ほかの部屋には持ち出さず、外した時は手洗いします
（４）こまめに石けんで手を洗い、アルコール消毒を行います
（５）定期的に換気します
（６）手で触れる共有部分を消毒します
（７）汚れたリネンや衣服を洗濯します
（８）ゴミは密閉して捨てます

また、以下の注意点をご確認ください。
・本人は外出を避け、家族や同居人も健康観察のうえ不要不急の外出を避けます。特に咳や発熱などの症状があるときは、職場などに行かないでください。
・ドアの取手、ノブ、ベッド柵などは、薄めた0.05％の塩素系漂白剤（可能ならば0.1％）で拭いた後に水拭き、もしくはアルコール消毒をしてください。（薄めた塩素系漂白剤が、誤って身体に付かないように対策してください。）
・トイレや洗面所、お風呂は、家庭用掃除洗剤を使って清掃し、水ですすいだ後、0.1%の次亜塩素酸ナトリウムを含む家庭用洗剤を使用します。
・タオル・食器・箸・スプーンなどを共用しません。衣類、タオル、食器・箸・スプーンなどは、通常の洗濯や洗浄を行ってください。別洗いする必要はありませんが、洗濯や洗浄前の共用は行わないでください。
​","参考(1)：厚生労働省「新型コロナウイルスの感染が疑われる人がいる場合の家庭内での注意事項（日本環境感染学会とりまとめ）」
https://www.mhlw.go.jp/stf/seisakunitsuite/newpage_00009.html

参考(2)：世界保健機関（WHO）​「Infection Prevention and Control for the safe management of a dead body in the context of COVID-19」
https://apps.who.int/iris/bitstream/handle/10665/331538/WHO-COVID-19-lPC_DBMgmt-2020.1-eng.pdf

参考(3)：The Journal of Hospital Infection「Persistence of coronaviruses on inanimate surfaces and their inactivation with biocidal agents」G. Kampfほか
https://www.journalofhospitalinfection.com/article/S0195-6701(20)30046-3/fulltext"
入院できなかった場合,QA01-12,〇,〇,多床室の施設であり、隔離が難しい場合にどう対応したらよいですか？,"個室が準備できない場合は、COVID-19 の疑いがあるまたは確認されている入所者をまとめることを検討してください。その際、以下の注意点があります。
・COVID-19 が疑われる入所者は、COVID-19 が疑われる他の入所者とのみまとめられるべきであり、 COVID-19 が確認されている入所者と一緒にしてはいけません。
・免疫が低下している入所者の隣で、感染疑いあるいは確定者をまとめてはいけません。
・部屋の入り口に、飛沫や接触に関する注意を促して、感染者・疑い患者の部屋を明示してください。
・COVID-19 の感染が疑われる、または確認された入居者の医療機器（医療専門職が使用する温度計、血圧計、パルスオキシメーターなど）は専用としてください。別の患者に使用する前には、機器を洗浄・消毒してください。
・他の入所者との個人用デバイス（モバイルデバイス、書籍、電子ガジェット）の共有は制限してください。
・入所者間の物理的な距離を確保するために食事をずらすか、できなければ、食堂を閉鎖し、 食事は入所者の居室で提供してください。","参考(1)：WHO
「長期療養型施設における COVID-19 感染予防と制御に関するガイダンス（暫定ガイダンス）」
https://extranet.who.int/kobe_centre/sites/default/files/20200321_JA_LTC.pdf
​
​参考(2)：アメリカ疾病予防管理センター（CDC）
「Aerosol and Surface Distribution of Severe Acute Respiratory Syndrome Coronavirus 2 in Hospital Wards, Wuhan, China, 2020」Zhen-Dong Guo ほか"
入院できなかった場合,QA01-13,〇,〇,防護服・ガウン・ゴーグルの準備ができていない場合の感染者との接触はどうしたらよいですか？,"防護服・ガウン・ゴーグルの準備ができていない場合の感染者との接触はどうしたらよいですか？

1.使い捨てとされているサージカルマスク、長袖ガウン、ゴーグル及びフェイスシールドについては、再利用するなど個人防護具の例外的取扱いにより効率的に使用できます。
■ サージカルマスクについて
感染の可能性のある患者との密接な接触が避けられない場合など、使用機会の優先順位を設けてください。複数の患者を診察・検査等する場合においても、同一のサージカルマスクを継続して使用できます。
【注意点】
(1) 目に見えて汚れた場合や損傷した場合は、廃棄してください。
(2) サージカルマスクを外す必要がある場合は、感染者のケアエリアから離れてください。
(3) サージカルマスクを外す際は、マスクの外面を内側にして折りたたみ、接触感染を避けてください。

■ ゴーグル及びフェイスシールドについて
複数の患者を診察する場合には、同一のゴーグルやフェイスシールドを継続して使用できます。​　
【注意点】 
(1) 目に見えて汚れた場合、洗浄及び消毒をしてください。
(2) 一度外したら、再度装着する前に洗浄及び消毒をしてください。
(3) 以下の場合はゴーグルやフェイスシールドを廃棄してください。
　　・損傷した場合
　　・しっかりと固定できなくなった場合
　　・視界が妨げられ改善できない場合　など
(4) ゴーグルやフェイスシールドを外す必要がある場合、感染者のケアエリアから離れてください。

■ 長袖ガウンについて
患者の体位交換や車いす移乗や、前腕や上腕が患者に触れるケアを行う時（長袖ガウン不足時は袖のないエプロン可）など、使用機会の優先順位を設けてください。

2. 医療用個人防護服が不足する場合、条件を満たす他のもので代替することも可能です。
■ 長袖ガウンについて
体を覆うことができ、破棄できるもので代替可能です。撥水性があることが望ましいです。（例：カッパ）
​
■ ゴーグル及びフェイスシールドについて
目を覆うことができるもので代替可能です。（例：シュノーケリングマスク）

【備考】
​※1
原則、COVID-19 が疑われるまたは確定した入所者に対して日常的ケアを提供する際には、接触感染と飛沫感染の予防策を実践する必要があります。咳・痰などによる、いわゆるエアロゾルは4m飛散するという報告もあります。
​※2
個人防護具については、医療機関と個人でそれぞれ適切な利用例が示されています。高齢者施設や基礎疾患のある方の長期療養施設については、医療機関に準じた形になります。
医療施設の場合、患者に直接ケアを実施する場合は医療用マスク、ガウン、手袋、目の保護具が必要です。清掃時には、医療用マスク、ガウン、頑丈な手袋、目の保護具、長靴や周囲を覆われた穴の開いていない作業靴が必要です。","参考(1)：厚生労働省 新型コロナウイルス感染症対策推進本部「サージカルマスク、長袖ガウン、ゴーグル及びフェイスシールド、の例外的取扱いについて」
https://www.mhlw.go.jp/content/000622132.pdf

参考(2)：WHO「長期療養型施設における COVID-19 感染予防と制御に関するガイダンス（暫定ガイダンス）」
https://extranet.who.int/kobe_centre/sites/default/files/20200321_JA_LTC.pdf
「Infection prevention and control during health care when novel coronavirus (nCoV) infection is suspected」
https://www.who.int/publications-detail/infection-prevention-and-control-during-health-care-when-novel-coronavirus-(ncov)-infection-is-suspected-20200125
​
参考(3)：アメリカ疾病予防管理センター（CDC）「Aerosol and Surface Distribution of Severe Acute Respiratory Syndrome Coronavirus 2 in Hospital Wards, Wuhan, China, 2020」Zhen-Dong Guo ほか
https://wwwnc.cdc.gov/eid/article/26/7/20-0885_article

参考(4)：WHO「新型コロナウイルス感染症（COVID-19）に対する個人防護具（PPE）の合理的な使用暫定ガイダンス」
https://extranet.who.int/kobe_centre/sites/default/files/pdf/20200319_JA_PPE.pdf"
入院できなかった場合,QA01-14,,〇,防護服などは支給されますか？,"個人防護具については、各都道府県・政令指定都市に対して、必要数の把握・確保に努めるよう通達がなされています。
確保した防護具は医療機関への配布を優先することが原則となっていますが、社会福祉施設で新型コロナウイルスの感染者が発生した場合など必要時に限り、当該施設へ配布してもよいこととなっています。","参考(1)：厚生労働省「新型コロナウイルス感染症に関連した感染症拡大防止のための衛生・防護用品の備蓄と社会福祉施設等に対する供給について」
https://www.mhlw.go.jp/content/000619844.pdf"
入院できなかった場合,QA01-15,,〇,​感染者の衣服・寝具の洗濯方法はどうしたらよいですか？," 汚れたリネンは、固形の排泄物を丁寧に取り除き、それをトイレまたは汚物処理に廃棄するため に蓋つきのバケツに入れた後、内容を明示した密閉容器に入れます。
 60-90℃の温水と洗濯洗剤を使った機械洗浄が推奨されます。洗濯物は通常の手順で乾燥します。
 機械洗浄ができない場合は、温水と石けんを入れた大きなドラムにリネンを浸し、水が跳ねないように注意しながら棒を使ってかき混ぜます。そして、ドラムを空にし、リネンを0.05%（500ppm）の塩素 に約 30 分間浸します。最後に、洗濯物をきれいな水ですすぎ、リネンを日光の下で完全に乾燥させます。","参考(1)：WHO「長期療養型施設における COVID-19 感染予防と制御に関するガイダンス（暫定ガイダンス）」
https://extranet.who.int/kobe_centre/sites/default/files/20200321_JA_LTC.pdf

参考(2)：WHO「Infection prevention and control during health care when novel coronavirus (nCoV) infection is suspected」
https://apps.who.int/iris/bitstream/handle/10665/331508/WHO-2019-nCoV-IPC_long_term_care-2020.1-eng.pdf"
入院できなかった場合,QA-02-01,〇,〇,高齢者や基礎疾患のある方、認知症の方、介護が必要な方が感染した場合、どうしたらよいですか？,"高齢者や基礎疾患のある方について、原則は入院措置となりますが、病状が許す場合は社会的な理由ということになりますので、地域の医療情勢（病床数と使用率）との相談になるものかと思います。

感染が確認された患者について、(1)高齢者、(2)基礎疾患がある方（糖尿病、心疾患又は呼吸器疾患を有する方、透析加療中の方等）、(3)免疫抑制状態である方（免疫抑制剤や抗がん剤を用いている方）、(4)妊娠している方については、入院での療養が基本となります。本人が該当しなくても、同居している方の中に高齢者等がいることが確認された場合は、利用可能な入院病床数等を踏まえて入院が可能な時は入院措置となります。*1

なお、上記以外の無症状病原体保有者及び軽症患者（軽症者等）は、軽症者が急速に悪化する症例も散見されていることを踏まえ、患者それぞれの生活環境・事情を勘案するものの、宿泊療養で対応することが基本とされています。*2

これにより、重症者等に対する医療提供に重点を置くべき地域では、入院治療が必要な患者への医療提供体制の確保を図ることとされています。*3

軽症者等が宿泊療養するための宿泊施設の確保状況については、厚生労働省が都道府県別の受入可能室数と現入室数を公表しています。*4","参考(1)：厚生労働省「新型コロナウイルス感染症の軽症者等に係る宿泊療養及び自宅療養の対象並びに自治体における対応に向けた準備について（4月2日付事務連絡）」https://www.mhlw.go.jp/content/000618525.pdf

参考(2)：厚生労働省「新型コロナウイルス感染症対策専門家会議「新型コロナウイルス 感染症対策の状況分析・提言」（2020年5月4日）https://www.mhlw.go.jp/stf/seisakunitsuite/bunya/0000121431_00093.html

参考(3)：厚生労働省「新型コロナウイルス感染症対策の基本的対処方針」https://www.mhlw.go.jp/content/10900000/000627560.pdf

参考(4)：厚生労働省「新型コロナウイルス感染症の軽症者等に係る宿泊療養のための宿泊施設の確保状況」https://www.mhlw.go.jp/stf/seisakunitsuite/newpage_00019.html"
入院できなかった場合,QA-02-02,〇,〇,持病の診療や薬の処方はどうしたらよいですか？,電話等を使ったオンライン診療や薬の処方、薬局による薬の郵送や服薬指導を受けることができます。まずはかかりつけ医にご相談ください。オンライン診療を行っている医療機関（令和2年4月10日時点）は厚生労働省の「新型コロナウイルス感染症の感染拡大を踏まえたオンライン診療について」から確認することができます。,"参考(1)：厚生労働省「新型コロナウイルス感染症の感染拡大を踏まえたオンライン診療について」https://www.mhlw.go.jp/stf/seisakunitsuite/bunya/kenkou_iryou/iryou/rinsyo/index_00014.html

参考(2)：厚生労働省「新型コロナウイルス感染症の拡大に際しての電話や情報通信機器を用いた診療等の時限的・特例的な取扱いについて（令和２年４月10日事務連絡）」https://www.mhlw.go.jp/content/000620995.pdf"
集団感染の予防,QA01-16,〇,〇,感染者以外（濃厚接触者など）の観察方法や観察期間はどのくらいですか？,"感染者と接触があった利用者・職員等の特定は、保健所等と協力し迅速に行ってください。

 保健所の調査で濃厚接触者（注1）とされた場合は、当該職員も利用者も、感染者との最終接触から14日間（注2）の健康観察を行うこととしますが、詳細については保健所の指示に従ってください。
 原則、当該職員は自宅待機とします。職場復帰時期については、発熱等の症状の有無等も踏まえ、保健所の指示に従ってください。
 原則、当該利用者は個室に移動します。有症状となった場合は速やかに別室に移動します。個室が確保できない場合は、症状のない濃厚接触者と同室とします。

​（注1）
濃厚接触者の定義（WHO）：
COVID19確定者あるいは疑いのある者の発症2日前から発症14日後までの間に
① 1m以内の距離で15分以上接触した人
② 確定あるいは被疑者の感染性分泌物・排泄物に直接触れた人（例：咳をしている患者に互いにマスク未着用で接した人、患者が触れたものに素手で触れた人）

（注2）
海外からの報告では、潜伏期間の中央値は5.1日で、全患者の97.5%において潜伏期間は11.5日以内でした。","参考(1)：厚生労働省「社会福祉施設等の利用者等に新型コロナウイルス感染症が発生した場合等の対応について」
https://www.mhlw.go.jp/content/000601680.pdf

参考(2)：厚生労働省「社会福祉施設等における感染拡大防止のための留意点について（その２）」
https://www.mhlw.go.jp/content/000619845.pdf

参考(3)：WHO「Coronavirus disease 2019 (COVID-19) Situation Report – 73」
https://www.who.int/docs/default-source/coronaviruse/situation-reports/20200402-sitrep-73-covid-19.pdf?sfvrsn=5ae25bc7_6

​参考(4)：Ann Intern Med. 2020 Mar 10. doi: 10.7326/M20-0504.「Ann Intern Med. 2020 Mar 10. doi: 10.7326/M20-0504.」Lauerほか
https://dx.doi.org/10.7326%2FM20-0504"
集団感染の予防,QA01-17,,〇,入所者の検査はどのように・どの程度行うべきですか？,"感染者と接触があった利用者・職員等の特定は、保健所等と協力し迅速に行ってください。

 保健所の調査で濃厚接触者（注1）とされた場合は、当該職員も利用者も、感染者との最終接触から14日間（注2）の健康観察を行うこととしますが、詳細については保健所の指示に従ってください。
 原則、当該職員は自宅待機とします。職場復帰時期については、発熱等の症状の有無等も踏まえ、保健所の指示に従ってください。
 原則、当該利用者は個室に移動します。有症状となった場合は速やかに別室に移動します。個室が確保できない場合は、症状のない濃厚接触者と同室とします。

​（注1）
濃厚接触者の定義（WHO）：
COVID19確定者あるいは疑いのある者の発症2日前から発症14日後までの間に
① 1m以内の距離で15分以上接触した人
② 確定あるいは被疑者の感染性分泌物・排泄物に直接触れた人（例：咳をしている患者に互いにマスク未着用で接した人、患者が触れたものに素手で触れた人）

（注2）
海外からの報告では、潜伏期間の中央値は5.1日で、全患者の97.5%において潜伏期間は11.5日以内でした。","参考(1)：厚生労働省「社会福祉施設等の利用者等に新型コロナウイルス感染症が発生した場合等の対応について」
https://www.mhlw.go.jp/content/000601680.pdf

参考(2)：厚生労働省「社会福祉施設等における感染拡大防止のための留意点について（その２）」
https://www.mhlw.go.jp/content/000619845.pdf

参考(3)：WHO「Coronavirus disease 2019 (COVID-19) Situation Report – 73」
https://www.who.int/docs/default-source/coronaviruse/situation-reports/20200402-sitrep-73-covid-19.pdf?sfvrsn=5ae25bc7_6

​参考(4)：Ann Intern Med. 2020 Mar 10. doi: 10.7326/M20-0504.「Ann Intern Med. 2020 Mar 10. doi: 10.7326/M20-0504.」Lauerほか
https://dx.doi.org/10.7326%2FM20-0504"
集団感染の予防,QA01-18,,〇,職員へ配慮する点には、どういうことがありますか？,"サービスを提供する人のうち、高齢者、妊婦（注1）、基礎疾患（注2）がある人等は、感染した際に重篤化するおそれが高いため、勤務上の配慮を行ってください。

（注1）
COVID19に罹患した妊婦9例の解析では、重症度や臨床経過は非妊婦と変わらず、子宮内感染は見られませんでした。（しかし、肺炎による低酸素血症等は胎児に悪影響を及ぼす可能性がありますので、勤務にあたっては十分な配慮が必要です。）

（注2）
重症化リスク：高齢（60才以上）, 冠動脈疾患, 糖尿病, 慢性呼吸器疾患, 高血圧, 悪性腫瘍など","参考(1)：厚生労働省「社会福祉施設等における感染拡大防止のための留意点について（その２）」
https://www.mhlw.go.jp/content/000619845.pdf

参考(2)：Lancet. 2020 Mar 7;395(10226):809-815.「Clinical characteristics and intrauterine vertical transmission potential of COVID-19 infection in nine pregnant women: a retrospective review of medical records.」Chenほか
https://www.ncbi.nlm.nih.gov/pubmed/32151335

参考(3)：China CDC Weekly 2020;2(8):113-122.「Vital Surveillances: The Epidemiological Characteristics of an Outbreak of 2019 Novel Coronavirus Diseases (COVID-19) — China, 2020」The Novel Coronavirus Pneumonia Emergency Response Epidemiology Team
http://weekly.chinacdc.cn/en/article/id/e53946e2-c6c4-41e9-9a9b-fea8db1a8f51

参考(4)：CDC「Interim Clinical Guidance for Management of Patients with Confirmed Coronavirus Disease (COVID-19)」
https://www.cdc.gov/coronavirus/2019-ncov/hcp/clinical-guidance-management-patients.html"
集団感染の予防,QA-02-03,,〇,高齢者のケアを行っています。高齢者は感染予防に気を付けているようですが、ご自身が人にうつさないようにする意識や対策が不十分なことがあり、職員が接するときに感染してしまわないか心配になることがあります。どうすればよいでしょうか。,"飛沫感染、接触感染を防ぐため、専門家会議が示した「新しい生活様式」などを参考に、高齢者等と感染防止の合意形成を図ってください。一般的な感染症対策については「インフルエンザ対応と異なる感染予防対策がありますか？」で取り上げているほか、「新しい生活様式」では買い物、娯楽、交通機関の利用、食事や冠婚葬祭など生活場面に応じた具体的な注意点が挙げられています。

ケア等については、感染拡大防止の観点から、「３つの密」（「換気が悪い密閉空間」、「多数が集まる密集場所」及び「間近で会話や発声をする密 接 場面」）を避ける必要があること等から、以下に留意し実施してください。
・可能な限り同じ時間帯、同じ場所での実施人数を減らします。
・定期的に換気を行います。
・互いに手を伸ばしたら手が届く範囲以上の距離を保つ等、利用者同士の距離について配慮します。
・声を出す機会を最小限にすることや、声を出す機会が多い場合は咳エチケットに準じてマスクを着用することを考慮します。
・清掃を徹底し、共有物（手すり等）については必要に応じて消毒を行います。
・共有している物品があれば、なるべく共有しないようにするか、使用者ごとに消毒をする。
・共有スペースには物をあまり置かないようにする。
・職員、利用者ともに手洗い、アルコール消毒による手指消毒を徹底します。

","参考(1)：厚生労働省「人との接触を８割減らす10のポイント」
https://www.mhlw.go.jp/stf/seisakunitsuite/bunya/0000121431_00116.html

参考(2)：厚生労働省「正しい手洗いの方法（動画）」
https://youtu.be/Eph4Jmz244A

参考(3)：厚生労働省「正しいマスクのつけ方（動画）」
https://youtu.be/VdyKX4eYba4

参考(4)：厚生労働省「社会福祉施設等における感染拡大防止のための留意点について（その２）」
https://www.mhlw.go.jp/content/000619845.pdf"
集団感染の予防,QA-02-04,,,介護施設での調理や配膳では、どのようなことに気をつければよいですか？,"発熱者や検査中の方は個室でとるようにしてください。食堂でとる際には、換気に留意して間隔を空けるなどを工夫してください。職員が食事をとる際にはマスクを外しますので、換気や時間や空間を分けるなどの工夫を検討してください。食器やリネン類は通常の80℃、10 分間の熱水消毒で十分です。ハンカチやタオル類の共有は避けてください。*1

職員への感染状況によっては、施設内の厨房で調理できない場合があるため、近隣施設で調理して運ぶ、デリバリーを利用する、高齢者・障害者団体に支援を依頼するなど、継続的に食事を提供できる体制を検討してください。なお、応援職員など外部の職員も対応する場合には、利用者のアレルギー対応にも留意してください。

感染が確定した方、感染疑いのある方の食事の使い捨て容器は感染性廃棄物に準じた取扱をすることも考えられるため、十分な廃棄容器を準備しておいてください。また残飯により害虫発生とならないように分別を考慮してください。*2","参考(1)：日本環境感染学会「高齢者介護施設における感染対策 第1版」http://www.kankyokansen.org/uploads/uploads/files/jsipc/koreisyakaigoshisetsu_kansentaisaku.pdf

参考(2)：厚生労働省「社会福祉施設等における感染拡大防止のための留意点について（その２）」
https://www.mhlw.go.jp/content/000619845.pdf"
集団感染の予防,QA-02-05,,,介護施設でのごみ捨ての注意点はありますか？,"感染が確定した方、感染疑いのある方に使用した廃棄物については、施設内や廃棄物処理業者の従業員への感染防止の観点から、(1)ごみに直接触れない、(2)ごみ袋等に入れて封をして排出する（二重にごみ袋に入れることも有効）、(3)ごみを捨てた後は石鹸などを使って手を洗う、等の感染防止策を実施してください。*1

ただし、介護老人保健施設においては、「廃棄物処理法に基づく感染性廃棄物処理マニュアル」に基づき処理してください。具体的には、排出事業者は、施設内での保管の際には、仕切りを設けるなどして感染性廃棄物がそれ以外の廃棄物に混入するおそれがないようにすること、腐敗するおそれのある廃棄物は冷蔵庫に入れるなどして腐敗しないようにすること、また排出の際には、廃棄物の種類や性状に応じた容器を選ぶこと、容器に入れて密閉すること、感染性廃棄物である旨等を表示することなどが必要です。*1 *2

なお、感染が確定した方やその疑いがある方が使用したリネン類は、一般的な洗剤等で洗濯して完全に乾かすなど、再利用できるものはむやみに捨てないようにしてください。 *1
ただし、その扱いに際しては、PPE（マスク、手袋、長袖のガウン、ゴーグル又はフェイス・シールド、ブーツもしくは爪先が閉じた靴が含まれる）を着用するなど、感染対策の徹底が必要です。 *3","参考(1)：環境省
 「廃棄物処理における新型コロナウイルス感染症対策に関するQ&A(令和2年4月23日)」
 https://www.city.akashi.lg.jp/kankyou/sampai_ka/documents/200423koronaqa.pdf
 
 参考(2)：環境省
 「廃棄物処理法に基づく感染性廃棄物処理マニュアル」
 https://www.env.go.jp/recycle/kansen-manual1.pdf
 
 参考(3)：WHO
 「長期療養型施設におけるCOVID-19感染予防と制御に関するガイダンス（暫定ガイダンス）」
 https://extranet.who.int/kobe_centre/sites/default/files/20200321_JA_LTC.pdf"
集団感染の予防,QA-02-06,,,どのような集団レクリエーションが勧められますか？（送迎車から花見をする、歌のレクリエーションなど）,"COVID-19の多くは市中感染であり、軽症の方は自覚症状が乏しいことが知られています。また発症2日ほど前から他者への感染性があるとの報告もあります。そのため、感染拡大が確認されている地域では、検温や体調確認のみ実施してレクリエーションへの参加者を制限しているだけでは、感染拡大を防止できないおそれがあります。

施設内での密集するイベントや、外出するレクリエーションは控えるようにしましょう。一方で、高齢者は不活発化にともなうフレイルにも注意する必要があり、一律にイベント・レクリエーションを廃止するのではなく、感染リスクを低減する工夫を加えたプログラムを組んでもよいと思われます。

具体的には、参加者間で十分な距離（1-2m）が確保でき、対面でのやり取りが頻回とならないようなプログラムを、換気のよい環境で実施することが望ましいです。また使用する物品（筆記具など）を介した感染にも注意が必要であり、参加者それぞれに専用のものを用意する、使用毎に清拭消毒を行うようにするなどの対応が考えられます。外部の者と接触しないのであれば、屋外でのプログラム実施や散歩などは差し支えないと考えます。*1

送迎でのお花見については、ほかの花見客との接触を避けること、車内で参加者間に十分な距離を確保し、換気を十分に行うことに留意して実施するのがよいと考えます。
また歌のレクリエーションでは、マスクをすることを徹底し、身体的距離を取れるよう参加者数を制限することが望ましいと思われます。マイクの使いまわしは避けてください。

社会福祉施設における一般的な感染予防対策については、QA-02-03や参考文献(3)をご参照ください。","参考(1)：日本環境感染学会「高齢者介護施設における感染対策 第1版」http://www.kankyokansen.org/uploads/uploads/files/jsipc/koreisyakaigoshisetsu_kansentaisaku.pdf

参考(2)：厚生労働省「新型コロナウイルスを想定した「新しい生活様式」を公表しました」https://www.mhlw.go.jp/stf/seisakunitsuite/bunya/0000121431_newlifestyle.html

参考(3)：厚生労働省
「社会福祉施設等における感染拡大防止のための留意点について（その２）」
https://www.mhlw.go.jp/content/000619845.pdf"
集団感染の予防,QA-02-07,,,介護ステーションは利用者からの飛沫感染防止のため、ビニール等によるパーティションをした方がよいでしょうか？ 余計換気が悪くならないかなど悩みますが、どういう構造や環境下でビニール等を活用するのが望ましいですか？,"「新しい生活様式」では、可能な限り対面での会話を避けることが推奨されています。感染予防について、利用者との対面での接触や、これが避けられない場合は、距離（２メートル以上）を取れるよう工夫してください。また、対人距離等の確保が困難な場合は、マスクを着用してください。

現時点では、介護福祉施設での感染予防対策として介護ステーション等にパーティションを設置することは求められていません。利用者と職員の間での飛沫感染を防ぐことを意図していると思われますが、行政窓口やスーパーマーケット等と異なり不特定多数が出入りする場所ではないため、設置によって換気が悪くなるような場合には設置する必要はないと思われます。","参考(1)：厚生労働省「新型コロナウイルスを想定した「新しい生活様式」を公表しました」https://www.mhlw.go.jp/stf/seisakunitsuite/bunya/0000121431_newlifestyle.html

参考(2)：厚生労働省「新型コロナウイルス感染症の大規模な感染拡大防止に向けた職場における対応について労使団体への要請」https://www.mhlw.go.jp/content/10900000/000617718.pdf"
新型コロナウイルスの感染を疑う症状等,QA01-19,〇,,発症が疑われる人がいる場合に、医療機関にかかるまでどう対策したらよいですか？,"発熱、咳、痰、息切れなどの症状が新規に発生していないか、各利用者を1日2回チェックします。
高齢者は発熱を伴わないこともあるため、意識の低下や活動性の低下、下痢などの症状にも注意します。
上記の症状が持続または増悪する場合には医療機関を受診します。症状発生から医療機関受診までは、COVID-19疑いとして隔離などの対応をします。","参考(1)：WHO「長期療養型施設における COVID-19 感染予防と制御に関するガイダンス（暫定ガイダンス）」
https://extranet.who.int/kobe_centre/sites/default/files/20200321_JA_LTC.pdf

参考(2)：「Infection prevention and control of epidemic-and pandemic prone acute respiratory infections in health care」https://www.who.int/csr/bioriskreduction/infection_control/publication/en/

参考(3)：Lancet Respir Med Feb 24, 2020「Clinical course and outcomes of critically ill patients with SARS-CoV-2 pneumonia in Wuhan, China: a single-centered, retrospective, observational study」Yangほか
https://www.thelancet.com/journals/lanres/article/PIIS2213-2600(20)30079-5/fulltext"
集団感染の予防,QA01-20,,〇,多床室の施設であり、隔離が難しい場合はどう対処したらよいですか？,個室対応が困難な場合は、COVID-19疑いの患者を同室に収容して対応し、他の利用者との接触を防ぎます。その際、COVID-19確定患者と疑い患者については、部屋を分けるほうが望ましいです。すなわち、①COVID-19確定患者、②COVID-19疑い患者、③その他の利用者、と部屋を分けます。可能であればこのように対応することが望ましいですが、実際には患者の特性などによって、部屋割りが機能しないケースも想定されます。現時点では施設入所が必要な虚弱高齢者がCOVID-19と確定診断された場合には、入院で経過観察となる可能性が高いように思われ、現時点で確定例、疑い例、その他の3種類の患者が同一施設に同時に存在する可能性は低いと想定されます。,"参考(1)：WHO「長期療養型施設における COVID-19 感染予防と制御に関するガイダンス（暫定ガイダンス）」
https://extranet.who.int/kobe_centre/sites/default/files/20200321_JA_LTC.pdf

参考(2)：WHO「Infection prevention and control of epidemic-and pandemic prone acute respiratory infections in health care」https://www.who.int/csr/bioriskreduction/infection_control/publication/en/
​
参考(3)：Respirology, 2003, 8 Suppl: S41–45.「SARS: hospital infection control and admission strategies.」Hoほか
https://www.ncbi.nlm.nih.gov/pubmed/15018133"
新型コロナウイルスの感染を疑う症状等,QA01-21,〇,〇,​一時的な発熱と新型コロナウイルスとの見分け方の基準は何ですか？,"高齢者の誤嚥性肺炎とCOVID-19を症状から見極めることは困難で、これに関する情報はありません。したがって、一時的な発熱であっても、COVID-19の可能性は否定できません。可能性については接触歴や施設内での発症者などの情報を加味して考慮します。可能であれば、発熱患者は疑い例として対応をし、体温測定を継続し、呼吸困難、咳、痰、SpO2低下などが出現・悪化しないか注意深く観察します。症状の改善が乏しい場合や悪化がみられた場合には医療機関を受診します。

インフルエンザとCOVID-19を症状から見極めることは困難です。インフルエンザ等の心配があるときには、通常と同様にかかりつけ医等に相談し、適用可能であればインフルエンザの迅速診断キットなどを用いて診断に努めます。","参考(1)：WHO「長期療養型施設における COVID-19 感染予防と制御に関するガイダンス（暫定ガイダンス）」
https://extranet.who.int/kobe_centre/sites/default/files/20200321_JA_LTC.pdf

参考(2)：WHO「Infection prevention and control of epidemic-and pandemic prone acute respiratory infections in health care」
https://www.who.int/csr/bioriskreduction/infection_control/publication/en/

参考(3)：Lancet Respir Med Feb 24, 2020「Clinical course and outcomes of critically ill patients with SARS-CoV-2 pneumonia in Wuhan, China: a single-centered, retrospective, observational study」Yangほか
https://www.thelancet.com/journals/lanres/article/PIIS2213-2600(20)30079-5/fulltext

参考(4)：厚生労働省「国民の皆さまへ （新型コロナウイルス感染症）」
https://www.mhlw.go.jp/stf/seisakunitsuite/bunya/0000121431_00094.html"
集団感染の予防,QA01-22,,〇,共用しない方がよい医療機器・介護機器・道具をどう決めたらよいですか？,COVID-19 の感染が疑われる、または確認された入居者の医療機器（医療専門職が使用する体温計、血圧計、パルスオキシメーター、聴診器など）は専用とします。上記の医療機器を、別の患者に使用する場合には、機器を洗浄・消毒します。他の入所者との個人用デバイス（モバイルデバイス、書籍、電子ガジェット）の共有は制限します。,"参考(1)：WHO「長期療養型施設における COVID-19 感染予防と制御に関するガイダンス（暫定ガイダンス）」
https://extranet.who.int/kobe_centre/sites/default/files/20200321_JA_LTC.pdf

参考(2)：WHO「Infection prevention and control of epidemic-and pandemic prone acute respiratory infections in health care」
https://www.who.int/csr/bioriskreduction/infection_control/publication/en/

参考(3)：WHO「Infection Control and Hospital Epidemiology」 1996, 17(1):53–80.

参考(4)：WHO​「Guideline for Isolation Precautions in Hospitals」Garnarほか
https://www.cambridge.org/core/journals/infection-control-and-hospital-epidemiology/article/guideline-for-isolation-precautions-in-hospitals/43851E1B0369D890DC0891B565F446E7"
集団感染の予防,QA01-23,,〇,使い捨て食器等の対応は、罹患の疑いのある本人のみでよいですか？,"​使い捨ての食器については、罹患の疑いのある利用者に使用します。罹患の疑いのある利用者以外の利用者とは食器やタオルなどは共有しないようにします。食器やタオルなどは、使用のたびに洗浄を行います。食器の洗浄や洗濯は通常の方法でよく、別洗いする必要はありません。可能であれば食器洗浄機を用います。
​
WHOのガイドラインには食器について以下のとおり記載があります
可能な場合は、再利用可能な食器を食器洗い機（3, 4）で洗う
食器洗い機がない場合は、洗剤で手洗いする
食器を手で洗う場合は、滅菌されていないゴム手袋を使用する
食事や使用のたびに食器を洗って使う
使い捨て食器を廃棄物として廃棄し、関連する法律および規制の指示に従って分類する（5）","参考(1)：厚生労働省
「新型コロナウイルスの感染が疑われる人がいる場合の家庭内での注意事項（日本環境感染学会とりまとめ）」
https://www.mhlw.go.jp/stf/seisakunitsuite/newpage_00009.html

​参考(2)：WHO
「Infection prevention and control of epidemic-and pandemic prone acute respiratory infections in health care」
https://www.who.int/csr/bioriskreduction/infection_control/publication/en/

参考(3)：Journal of Foodservice, 1980:17–25
「The sanitizing efficiency of diswashing machines」Poledore AP

参考(4)：Journal of Hospital Infection, 2004, 56(4):312–317
「Cross-contamination in dishwashers」Wernerssonほか

​参考(5)：アメリカ疾病予防管理センター（CDC）
Morbidity and Mortality Weekly Report, 2003, 52(RR–10)
「Guidelines for environmental infection control in health-care facilities」"
集団感染の予防,QA01-24,,〇,​どれくらいの頻度で消毒したらよいですか？,"サービス提供開始時と終了時に、（液体）石けんと流水による手洗いまたは消毒用エタノールによる手指消毒を実施する。手指消毒の前に顔（目・鼻・口）を触らないように注意する。
「１ケア１手洗い」、「ケア前後の手洗い」を基本とする。

施設内は清潔に保つため、毎日清掃を行います。
・罹患が疑われる利用者が使用するスペースは、平らなものや頻繁に触れるもの（例：電灯スイッチ、ドアノブ、ベッド柵、床頭台、電話など）に注意して清掃・消毒を行います。
・清掃には乾いた布巾ではなく、湿らせた布巾を使用します。
・布巾やモップを使用する際は、掃除用具・すすぎ用水は頻繁に交換します。
・洗浄と消毒に使用する用具は、使用するたびに必ず洗浄および乾燥させます。
・布巾・モップヘッドは毎日洗濯し、保管または再利用する前に完全に乾かします。
・掃除機はエアロゾルを発生させる可能性があるので、使用を控えます。
・罹患が疑われる利用者は可能であればカーペットのない部屋に収容します。
・消毒剤の病室への散布は推奨されません。
​
WHOガイドラインには清掃・消毒について以下のとおり記載があります
・隔離室の水平面を清潔に保つ。特に、患者が横になったり頻繁に触れたりした表面、および患者のベッドのすぐ近くに焦点を当てて、定期的に清掃する。*3
・ARI病原菌のエアロゾルが発生する可能性を回避するには、乾いた布巾ではなく、湿らせた布巾を使用する。
・布巾やモップを使用する際は、掃除用具・すすぎ用水はすぐに汚染される。医療施設の規則に従って、布巾やモップヘッド、すすぎ用水を頻繁に交換する。
・洗浄と消毒に使用する用具は、使用するたびに必ず洗浄および乾燥する。
・モップヘッドを毎日洗濯し、保管または再利用する前に完全に乾かす。*4
・毎日の清掃を容易にするために、患者の周りの領域に不要な物資や機器を置かない。
・感染していることがわかっている、または感染している疑いのある患者が使用する場所の表面を消毒剤で拭き取る。*5
・病室へ消毒剤を散布しない。これは危険な慣行であり、疾病管理の利点は証明されていない。*6
・掃除を容易にし、掃除機の使用によってエアロゾルが発生する可能性を減らすために、可能であればカーペットのない部屋に患者を収容する。
・掃除機が必要な場合は、利用可能であれば、高効率粒子状空気（HEPA）フィルターが装備された掃除機を使用する。","​参考(1)：WHO
「長期療養型施設における COVID-19 感染予防と制御に関するガイダンス（暫定ガイダンス）」
https://extranet.who.int/kobe_centre/sites/default/files/20200321_JA_LTC.pdf

​参考(2)：WHO
「Infection prevention and control in health care」
https://www.who.int/csr/bioriskreduction/infection_control/en/

参考(3)：American Journal of Infection Control, 2004, 32(2):84–89.
「Does disinfection of environmental surfaces influence nosocomial infection rates? A systematic review」Dettenkoferほか

​参考(4)：Journal of Applied Bacteriology, 1990, 68(3):279– 283.
「Investigations of the effectiveness of detergent washing, drying and chemical disinfection on contamination of cleaning cloths」
http://www.ncbi.nlm.nih.gov/entrez/query.fcgi?cmd=Retrieve&db=PubMed&dopt=Citation&list_uids=2341327

参考(5)：Annals of Emergency Medicine, 2004, 43(1):27–33.
「Sequential symptomatic analysis in probable severe acute respiratory syndrome cases」Chenほか

参考(6)：Journal of Hospital Infection, 1987, 9(2):151–157.
「Potential hazard from spray cleaning of floors in hospital wards」Medcraftほか

参考(7)：厚生労働省「社会福祉施設等における感染拡大防止のための留意点について（その２）」
https://www.mhlw.go.jp/content/000619845.pdf"
集団感染の予防,QA03-06,○,○,認知症の利用者に対応する際はどのような点に注意すべきでしょうか？,"認知症の利用者は、マスクやフェイスシールドの使用が難しい場合や、いつもと違う環境に置かれることが理解できない場合があります。感染疑いのある方へのケアにあたっては個人防護具を着用しながら、利用者が警戒感を抱かないように毎回説明を行う必要があると思われます。

台湾アルツハイマー病協会が作成した新型コロナウイルス対応のハンドブックの第４章「イニシアチブをとり、認知症の人をケアし、繰り返し思い出させる」に基づいて、認知症の利用者への関わり方を一部抜粋します。
・適切な手洗いやマスクの着用について、明確で簡単で認知症の方が理解しやすい方法で示し、必要ならば実践しながら説明を行ってください。
・「目や鼻を触らないでください」などの禁止の形で感染予防策を示しても協力してもらうことは難しいことが考えられます。代わりに、手洗い、手指消毒、身の回りの消毒を増やすよう、積極的に注意喚起を行ってください。
・認知症の利用者が感染予防策を守っていない場合は、専門の介護者がアドバイスする必要があります。理由を説明し、注意をそらし、直接非難しないようにしてください。","参考(1)：台湾アルツハイマー病協会(TADA)「TADA's Reference Handbook of Dementia Care responding to COVID-19」
https://www.alz.co.uk/sites/default/files/pdfs/TADA%27s-Reference-Handbook-of-Dementia-Care-COVID-19%20.pdf"
集団感染の予防,QA03-07,○,○,福祉現場では、身体に触れて介助することもあるので、利用者と職員の距離を取ることが難しいのですが、どのようなことに気をつければ良いでしょうか？,"感染していない方、感染疑いのある方、感染が確定した方にそれぞれに対応は異なると思われます。 

発熱などの感染疑いがある方、感染が確定した方の介助を行われる際は、保健所等と相談しながらにはなると思いますが、QA-01-13にあるようにマスクやゴーグル、ガウン（カッパ等で代用可）の個人防護具を利用していただくことになると思います。

感染疑いまたは確定した方の部屋の隔離、医療機器（体温計等）の利用方法については、QA-01-12もご覧いただければと思います。

発熱等がない方（感染していない方）の介助や作業指導等については、QA-01-10やQA-01-24を改めてご覧いただければと思います。",
職員の安全衛生、人事管理等,QA01-25,,〇,微熱のある職員などの出勤制限をどうすべきでしょうか？,"長期療養型施設におけるCOVID19への対応は、早期発見、隔離、治療とケア、そして感染源の制御（感染者の拡散防止）を基礎とします。そのために、職員の前向きサーベイランスの確立が重要です。  
職員に対し、発熱や呼吸器症状がある場合は報告し、自宅にとどまることを要請してください。  
施設に入る際にすべての従業員の検温を行ってください。","参考(1)：WHO「Infection Prevention and Control guidance for Long-Term Care Facilities in the context of COVID-19」
https://apps.who.int/iris/bitstream/handle/10665/331508/WHO-2019-nCoV-IPC_long_term_care-2020.1-eng.pdf"
職員の安全衛生、人事管理等,QA03-08,,○,体調不良で休んだ場合の復帰の期間のルールをどうすべきでしょうか？,"CDCでは、新型コロナウイルス感染症が疑われる方に関して、職場に復帰させるタイミングの目安については、PCRによる確定診断の有無に関わらず、以下の2つの条件を満たしたときと示されています。
（１）発症後に少なくとも10日が経過している
（２）各種薬剤の内服のない状態で発熱、咳、喀痰、下痢、全身倦怠感などが消失してから72時間（３日）以降

ただし、仮に感染者であった場合、ウイルスの排泄期間は比較的長く、また再陽性となる場合もあるため、復職後も４週間程度は衛生対策（外出時のマスク着用、顔やマスクを触る時や食事前などの手洗いの徹底）と健康状態の毎日の確認（毎朝の検温）をお願いし、発熱や風邪症状があればすぐに報告してもらうようにしてください。

なお、新型コロナウイルス感染による休業から復帰する場合は、最新の情報に基づきルールを設定してください。
6月1日現在、感染症法第18条に基づく就業制限の解除については、宿泊療養又は自宅療養の解除の基準を満たした時点で、就業制限の解除の基準を満たすこととして差し支えないとされています。このとき、解除時のPCR検査は必須ではなく、退院や就業制限の解除については、医療保健関係者が判断するものとされています。","参考(1)：厚生労働省「感染症の予防及び感染症の患者に対する医療に関する法律第18 条に規定する就業制限の解除に関する取扱いについて」
https://www.mhlw.go.jp/content/000627457.pdf

参考(2)：厚生労働省「感染症の予防及び感染症の患者に対する医療に関する法律における新型コロナウイルス感染症患者の退院及び就業制限の取扱いについて（一部改正）」
https://www.mhlw.go.jp/content/000635398.pdf

参考(3)：厚生労働省「職場における新型コロナウイルス感染症への感染予防、健康管理の強化について（5月14日）」
https://www.mhlw.go.jp/content/11302000/000630690.pdf

参考(4)：東京商工会議所「企業向け新型コロナウイルス対策情報　【2020/04/22改訂】第３回　発熱者の職場復帰時期の目安」
http://www.tokyo-cci.or.jp/page.jsp?id=1021793"
基礎疾患のある方,QA-02-08,〇,〇,"・手動の車椅子のひとは感染リスクが高いのでしょうか。
・日常的に車いす駆動、杖もしくは手すり把持など、物に触れる状況が多いことから、周辺設備等への消毒には万全を期する必要があると思いますが、どのようなことに気を付ければよいでしょうか。","手動車椅子の車輪（ハンドリム）や様々な支援機器の表面にウイルスが付着している可能性があります。手の清潔、車椅子の清潔、社会的距離を取ることが推奨されます。

○手の清潔
手洗いを常に心がけ、顔に直接触れないようにすることが大切です。あらゆる活動から帰宅した場合、CDCガイドラインに準拠し、石鹸で最低20秒間手を洗ってください。手動車椅子を利用して肌荒れがある場合、手洗いブラシ（爪ブラシ）を使うことも検討してください。

○車椅子の清潔
車椅子の表面を掃除してください。私たちが触れるすべての固定面にウイルスが潜んでいる可能性があります。
・ハンドリムとタイヤは、手を清潔にした後、手拭きタオルや抗菌ワイプを用意し、家の前で6m駆動するとハンドリムを3回拭くことができます。この方法の習得が難しい場合、誰かにゆっくりと押してもらうことで拭きやすくなります。タイヤも同様の手法で拭くことができます。
・ブレーキレバー、シートクッションの前方フレーム、ひじ掛け、手押しハンドル、着脱式フット・レッグサポートなど、定期的に触れる表面を拭きます。
・電動車椅子の場合、ジョイスティックやコントローラー、その他の常に触れている部分を消毒します。多くのプラスチックは漂白剤を含むクリーナーを使っても問題ありません。
・車椅子の乗車前に手指消毒剤やウェットティッシュで必ず手洗いをしているのであれば、他の誰かにタイヤやハンドリムの消毒をお願いすることは有用です。

なお、消毒液については、QA-01-01「アルコール消毒液の予防効果」、QA01-05「家庭用の塩素系漂白剤を利用した消毒」もご覧ください。

○社会的距離
車椅子ユーザーは、ほとんどの立っている人よりも低い位置で座っているため、自分たちよりも高い位置にいる人と会話していると、より唾液にさらされる可能性が高くなります。多くの医療専門家は、このリスクを避けるため、周囲の人との距離を2m以上にすることを推奨しています。マスクやフェイスシールドを使い、飛沫を避けることも検討してください。","参考(1)：日本リハビリテーション工学協会「注意勧告:車椅子・支援機器ユーザーのみなさまへCOVID-19の予防」https://www.resja.or.jp/data/precautions.pdf

参考(2)：Beneficial Desinns, Inc.「ATTENTION:Wheelchair and Assistive Technology Users 
PRECAUTIONS for COVID-19」http://www.beneficialdesigns.com/

参考(3)：北米リハビリーテーション工学協会（RESNA）「COVID-19 Resources」https://www.resna.org/Resources/COVID-19-Resources"
基礎疾患のある方,QA-02-09,〇,〇,障害者就労継続支援を行っています。利用者は重症化のリスクが高いと思いますが、症状が軽ければ検査してくれないのでしょうか？,"最寄りの保健所などに設置されている「帰国者・接触者相談センター」に相談する際の症状の目安については、厚生労働省より5月上旬に以下のように変更されました。
1) 息苦しさ（呼吸困難）、強いだるさ（倦怠感）、高熱等の強い症状のいずれかがある場合
2) 重症化しやすい方（※）で、発熱や咳などの比較的軽い風邪の症状がある場合
※高齢者をはじめ、基礎疾患（糖尿病、心不全、呼吸器疾患（慢性閉塞性肺疾患など）など）がある方や透析を受けている方、免疫抑制剤や抗がん剤などを用いている方
3) 上記以外の方で発熱や咳など比較的軽い風邪の症状が続く場合（症状が4日以上続く場合は必ずご相談ください。症状には個人差がありますので、強い症状と思う場合にはすぐに相談してください。解熱剤などを飲み続けなければならない方も同様です。）
上記1)〜3)のうち、少なくとも1つ以上の条件にあてはまる場合はすぐにご相談ください、と記載されています。
地域によっては、医師会や診療所等で相談を受け付けている場合もありますので、ご活用ください。","参考(1)：厚生労働省「新型コロナウイルスに関するQ&A(一般の方向け) 令和2年5月10日時点」
https://www.mhlw.go.jp/stf/seisakunitsuite/bunya/kenkou_iryou/dengue_fever_qa_00001.html#Q5-1

参考(2)：厚生労働省「新型コロナウイルス感染症の軽症者等に係る宿泊療養及び自宅療養の対象並びに自治体における対応に向けた準備について（4月2日付事務連絡）」https://www.mhlw.go.jp/content/000618525.pdf"
基礎疾患のある方,QA-02-10,〇,,重症化するおそれが高い方(高齢者等)の同居家族が新型コロナウイルスに罹患した場合、どうすればよいでしょうか？,"○ご家族が高齢者や基礎疾患のある方だった場合、原則は入院措置となります
 ・感染が確認された患者について、同居者に重症化するおそれが高い者がいる場合は、入院・宿泊療養施設を優先的に確保することとなっています。
 
 ○自宅療養について
 ・高齢者と同居中で、かつ感染が確認された患者がやむを得ず自宅療養を行うこともあり得ます。この場合は感染者と同居家族等の生活空間を必ず分け、感染者の世話には高齢者は当たらないようにすることが望ましいです。トイレ等共有される空間・物品については、感染者が使用する都度、次亜塩素酸ナトリウムやアルコールで清拭する、換気するなどの対応を取れる場合には共用することができます。その他、自宅での感染予防対策は厚生労働省「新型コロナウイルス感染症患者が自宅療養を行う場合の患者へのフォローアップ及び自宅療養時の感染管理対策について」内の「2. 自宅療養時の感染管理対策について」を参考にしてください。同居家族に感染が疑われる場合について解説したQA-01-11「自宅での隔離方法」の「8つのポイント」も参考にしていただくことができます。
 
 感染者が入院・宿泊療養を行うにせよ、自宅療養を行うにせよ、同居している高齢者は「濃厚接触者」として積極的疫学調査の対象となる可能性が非常に高く、療養や健康観察、施設/サービス利用の可否については保健所等の指示に従って対応する必要があります。

​＜補足＞
厚生労働省の事務連絡*1では、以下の①から④までのいずれかに該当する方を「重症化するおそれが高い者」としています。この質問では事務連絡にならって「高齢者等」としています。
①高齢者
②基礎疾患がある方（糖尿病、心疾患又は呼吸器疾患（慢性閉塞性肺疾患など）を有する方、透析加療中の方等）
③免疫抑制状態である方（免疫抑制剤や抗がん剤を用いている方）
④妊娠している方","参考(1)：厚生労働省「新型コロナウイルス感染症の軽症者等に係る宿泊療養及び自宅療養の対象並びに自治体における対応に向けた準備について（4月2日付事務連絡）」https://www.mhlw.go.jp/content/000618525.pdf

参考(2)：厚生労働省「新型コロナウイルス感染症対策専門家会議「新型コロナウイルス 感染症対策の状況分析・提言」（2020年5月4日）https://www.mhlw.go.jp/stf/seisakunitsuite/bunya/0000121431_00093.html

参考(3)：厚生労働省「新型コロナウイルス感染症患者が自宅療養を行う場合の患者への
フォローアップ及び自宅療養時の感染管理対策について」https://www.mhlw.go.jp/content/000618528.pdf"
基礎疾患のある方,QA03-09,○,○,自律神経障害、発汗障害によるうつ熱、知的障害があり自ら体調不良を訴えることができない方の場合、発熱等を１日２回評価するという体調管理はどのようにすればよいでしょうか？,"うつ熱によって発熱の確認が困難な場合、新型コロナウイルスの代表的な症状について1日2回評価することが考えられます。
厚生労働省の基準によれば「息苦しさ（呼吸困難）、強いだるさ（倦怠感）、高熱等の強い症状のいずれかがある場合」「重症化の恐れがある方で、発熱や咳などの比較的軽い風邪の症状がある場合」「発熱や咳など比較的軽い風邪の症状が続く場合（特に4日以上続いた場合は必ずご相談ください」とあります。*1

気道症状（咳、痰、呼吸困難など）を伴わない場合は、呼吸状態は安定していると想定されますので、体温以外のバイタルサイン（血圧、脈拍、SpO2など）に異常がなければ、まずは空調や衣類の調整を行った後、こまめに体温の経過を観察することが望ましいと考えられます。

知的障害があり自ら体調不良を訴えることができない場合、発熱や脈拍、SpO2などの計測による評価が考えられますが、可能であればわかりやすい文章やイラスト等で体調不良がないかを確認することも検討してください。
例えば、滋賀県では「新型コロナウイルスについて障害のある方のための情報 」を作成し、公開しています。*2","参考(1)：厚生労働省「新型コロナウイルス感染症について」
https://www.mhlw.go.jp/stf/seisakunitsuite/bunya/0000164708_00001.html

参考(2)：滋賀県「新型コロナウイルスについて障害のある方のための情報」
https://www.pref.shiga.lg.jp/ippan/kenkouiryouhukushi/syougaifukushi/311768.html"
基礎疾患のある方,QA03-10,○,○,麻痺の程度にもよりますが、手を洗えない方の場合、感染リスクが高いのではないでしょうか。どのようなことに注意すべきでしょうか？,"頻度や手洗いのタイミングに関しては、健常者とかわりません。
具体的には
食事の準備の前、食事の前、下痢や嘔吐のケアの前後、創処置の前後、排泄後、おむつ替えや子供のトイレ後、鼻をかんだり咳・くしゃみの後、動物・動物飼料・動物の排せつ物に触れた後、ペットフードに触れた後、ごみにふれた後、ドアノブやエレベーターなど他人が頻繁に触れる可能性のあるものに触れた後、目・鼻・口に触れる前　です（CDC *1)。

麻痺のある人の手洗いの方法に関してはリハビリ施設ベースでいくつか動画や記事があるようです。*2 *3
コマーシャルなキットとしては吸盤付きハンドブラシなどもあるようです。

脳卒中などによる片麻痺をイメージして書きましたが、脳性麻痺などの麻痺であれば、その他の合併症がなければ他の人とリスクは同程度です。介護者が持ち込まないことが大切かと思います。

なお、COVIDの流行なしでも手洗いはしていたことかと思いますが、具体的な問題点が別にあればご連絡ください。","参考(1)：米国CDC「When and How to Wash Your Hands」
https://www.cdc.gov/handwashing/when-how-handwashing.html

参考(2)：脳梗塞リハビリステーション長野「片手でも清潔に手を洗うための工夫とは」
http://rihadanke.hi-danke.com/2020/04/20/%E7%89%87%E6%89%8B%E3%81%A7%E3%82%82%E3%81%8D%E3%82%8C%E3%81%84%E3%81%AB%E6%B4%97%E3%81%88%E3%82%8B%E6%89%8B%E6%B4%97%E3%81%84%E3%81%AE%E5%B7%A5%E5%A4%AB/

参考(3)：持田ヘルスケア「関節拘縮のある患者のスキンケア」
http://hc.mochida.co.jp/skincare/care/care5.html"
基礎疾患のある方,QA03-11,○,○,知的障害があり、意思疎通が十分に取れない方や理解力が不十分なことから、必要な予防措置を自ら行うことが難しい方がいます。どのようなことに注意すべきでしょうか？,"滋賀県から主に知的障害のある方等に向けた資料が公開されています。*1

また、知的障害がある方の日常生活を送る上での工夫が、全国手をつなぐ育成会連合会から公開されています。*2

基本的な感染予防策については、当サイトの情報もご参照ください。
・現在、新型コロナウイルスの感染予防対策は、手指消毒の徹底や会話時のマスク着用が基本となっています。(QA-01-10)
・なお、発熱があった場合は感染疑いとして個室または集団隔離を行うことを検討してください。隔離については QA01-16「感染者以外の観察方法・期間」をご覧ください。
・季節性インフルエンザの流行に対する重症心身障害児（者）病棟での対応によれば、患者がマスクの着用を嫌がって外してしまうこと、歩き回って多くの患者と接触する可能性があることから、発熱後は直ちに個室または集団隔離とした事例があります。","参考(1)：滋賀県「新型コロナウイルスについて障害のある方のための情報」
https://www.pref.shiga.lg.jp/ippan/kenkouiryouhukushi/syougaifukushi/311768.html

参考(2)：全国手をつなぐ育成会連合会「知的障害のある人の自粛生活に関する工夫」
http://zen-iku.jp/info/release/3802.html

参考(3)：K. Courtenay and B. Perera「COVID-19 and people with intellectual disability: impacts of a pandemic""  Ir J Psychol Med. 2020 May 14:1-6.」
https://www.ncbi.nlm.nih.gov/pmc/articles/PMC7287305/"
基礎疾患のある方,QA03-12,○,○,喘息、呼吸器、内部疾患の人の症状やリスクが知りたいです。,基礎疾患のために慢性的な症状（咳・呼吸困難・嗅覚障害・倦怠感など）がある方の場合、新型コロナウイルス感染症にかかわる症状の評価が困難となる可能性があります。体調確認に際して、普段と異なる症状が出現していないか、同じ症状でも程度・性質に変化がないかに注意してください。,
通勤,QA-02-11,,〇,公共の乗り物に乗って通勤しています。感染予防はどうしたらよいでしょうか？,"厚生労働省・専門家会議は、新型コロナウイルス感染症とともに生きていく社会を前提とし、感染拡大を予防するための「新しい生活様式」を示しています。公共交通機関において、会話は控えめにする、混んでいる時間帯は避ける、徒歩や自転車利用も併用するといった対策が示されています。

公共交通機関の事業者に対しては、上記の対策のほか、通勤時、外勤時の移動においては、電車等の車内換気に協力することが要請されています。

専門家会議のメンバーで日本環境感染学会理事長の吉田正樹医師による注意点の解説がありますので、動画もご参照ください。

（具体例）
・ 出社・帰宅時、飲食前の手洗いや手指のアルコール消毒を徹底すること。
・ 咳エチケットを徹底すること。 
・ 公共交通機関を利用する際は、マスクを着用すること。
・ 可能な限り車内で他の利用者との距離をとること。
・ 通勤時の移動においては、電車等の車内換気に協力すること。
・ 通勤時の移動で、電車、バス、タクシー等を利用する場合には、不必要 な会話等を抑制すること。 
・ 多くの人が公共交通機関に集中することを避ける観点から、時差通勤のほか、可能な場合には公共機関を利用しない方法（自転車通勤、徒歩通勤等）の積極的な活用を図ること。","参考(1)：厚生労働省「新型コロナウイルスを想定した「新しい生活様式」を公表しました」https://www.mhlw.go.jp/stf/seisakunitsuite/bunya/0000121431_newlifestyle.html

参考(2)：厚生労働省「新型コロナウイルス感染症対策専門家会議「新型コロナウイルス 感染症対策の状況分析・提言」（2020年5月4日）https://www.mhlw.go.jp/stf/seisakunitsuite/bunya/0000121431_00093.html

参考(3)：NHK「専門家会議「新しい生活様式」の実践例」https://www3.nhk.or.jp/news/special/coronavirus/view/detail/detail_08.html

参考(4)：厚生労働省「新型コロナウイルス感染症の大規模な感染拡大防止に向けた職場における対応について労使団体に要請しました」https://www.mhlw.go.jp/stf/newpage_10631.html

参考(5)：厚生労働省「新型コロナウイルス感染症の大規模な感染拡大防止に向けた職場における対応について（要請）」https://www.mhlw.go.jp/content/11303000/000617466.pdf

参考(6)：TBS News「通勤や職場での感染予防」
https://www.youtube.com/watch?v=ukd07diURUA"
在宅への切り替え,QA-02-12,〇,,自宅での生活が長期化している高齢者、基礎疾患のある方、障害者等の見守りサポートはありますか？,"日頃から地域の事情を踏まえ、介護・福祉等の関係機関、民生委員、ボランティア、地域住民等と連携している各市町村の取り組みのほか、介護保険制度においては下記の事業も利用可能であることが厚生労働省より通知されています。

○地域支援事業
・一般介護予防事業における住民主体の支え合いの仕組みを活用した見守り等（健康状態の確認や助言等）
・地域包括支援センターが市町村の福祉部局と連携して行う見守り等

○保健福祉事業
・第１号被保険者からの保険料を財源として、被保険者が要介護状態等となることを予防するために必要な事業などを内容とする保健福祉事業を行うことが出来ます。

",参考(1)：厚生労働省「在宅の一人暮らしをはじめとする見守り等の必要な障害者等に対する市町村が行う取組の実施について（5月1日事務連絡）」https://www.mhlw.go.jp/content/000619856.pdf
在宅への切り替え,QA-03-13,○,,施設型サービスの利用自粛や休止により、自宅での介護や健康維持が必要となった方への対応について,高齢者にあっては、不活発な生活による健康への影響が危惧されます。自宅でもできる運動やリハビリ、人との交流について、下に示す情報も参考に可能な範囲で取り組むことをお勧めします。,"参考(1)：日本老年医学会「高齢者として気をつけたいポイント」
https://www.jpn-geriat-soc.or.jp/citizen/pdf/coronavirus_01.pdf

参考(2)：国立長寿医療研究センター「在宅活動ガイド 2020」
https://www.ncgg.go.jp/hospital/guide/index.html"